[{"image_id": "Cars110_png.rf.6ae216cbfe78f745cf14eeea3a39dde5", "category_id": 0, "bbox": [281.972, 129.757, 45.228, 26.825], "score": 0.80371}, {"image_id": "Cars110_png.rf.6ae216cbfe78f745cf14eeea3a39dde5", "category_id": 0, "bbox": [0.0, 0.0, 20.898, 74.236], "score": 0.11554}, {"image_id": "Cars110_png.rf.6ae216cbfe78f745cf14eeea3a39dde5", "category_id": 0, "bbox": [0.0, 0.0, 26.786, 62.071], "score": 0.06076}, {"image_id": "Cars110_png.rf.6ae216cbfe78f745cf14eeea3a39dde5", "category_id": 0, "bbox": [0.0, 0.624, 19.436, 99.657], "score": 0.02547}, {"image_id": "Cars110_png.rf.6ae216cbfe78f745cf14eeea3a39dde5", "category_id": 0, "bbox": [282.284, 120.867, 47.411, 36.182], "score": 0.00384}, {"image_id": "Cars116_png.rf.0148b13b5883fc5aad7404fb2ef8095a", "category_id": 0, "bbox": [146.42, 217.797, 123.486, 27.459], "score": 0.90723}, {"image_id": "Cars116_png.rf.0148b13b5883fc5aad7404fb2ef8095a", "category_id": 0, "bbox": [168.028, 73.483, 68.023, 27.459], "score": 0.01312}, {"image_id": "Cars118_png.rf.e24fe66e9b75dbb070c73c4d7025cff3", "category_id": 0, "bbox": [206.836, 165.0, 174.258, 46.875], "score": 0.89893}, {"image_id": "Cars118_png.rf.e24fe66e9b75dbb070c73c4d7025cff3", "category_id": 0, "bbox": [13.594, 0.0, 586.406, 0.0], "score": 0.00114}, {"image_id": "Cars11_png.rf.bf5befb517adbbec3724f47b8088d039", "category_id": 0, "bbox": [115.938, 198.594, 168.75, 35.312], "score": 0.9082}, {"image_id": "Cars11_png.rf.bf5befb517adbbec3724f47b8088d039", "category_id": 0, "bbox": [117.656, 198.125, 163.75, 57.188], "score": 0.00483}, {"image_id": "Cars11_png.rf.bf5befb517adbbec3724f47b8088d039", "category_id": 0, "bbox": [28.359, 118.281, 71.094, 37.188], "score": 0.00237}, {"image_id": "Cars11_png.rf.bf5befb517adbbec3724f47b8088d039", "category_id": 0, "bbox": [12.656, 119.688, 93.984, 147.5], "score": 0.00138}, {"image_id": "Cars123_png.rf.5b413b380e5258e7c794a3b0d5973111", "category_id": 0, "bbox": [157.656, 219.219, 80.312, 23.125], "score": 0.87012}, {"image_id": "Cars127_png.rf.85974da4aba50fa23636f93d3f46eef6", "category_id": 0, "bbox": [359.015, 166.563, 21.834, 15.596], "score": 0.76904}, {"image_id": "Cars127_png.rf.85974da4aba50fa23636f93d3f46eef6", "category_id": 0, "bbox": [359.327, 167.187, 39.925, 18.091], "score": 0.01267}, {"image_id": "Cars127_png.rf.85974da4aba50fa23636f93d3f46eef6", "category_id": 0, "bbox": [393.014, 156.894, 6.238, 11.853], "score": 0.00481}, {"image_id": "Cars127_png.rf.85974da4aba50fa23636f93d3f46eef6", "category_id": 0, "bbox": [393.014, 157.829, 6.238, 14.972], "score": 0.00231}, {"image_id": "Cars127_png.rf.85974da4aba50fa23636f93d3f46eef6", "category_id": 0, "bbox": [370.868, 165.939, 28.072, 21.834], "score": 0.0012}, {"image_id": "Cars127_png.rf.85974da4aba50fa23636f93d3f46eef6", "category_id": 0, "bbox": [388.023, 166.563, 11.229, 21.834], "score": 0.00112}, {"image_id": "Cars129_png.rf.c4ee8a75eda6cc41b150366bb7e57ca1", "category_id": 0, "bbox": [201.379, 214.721, 86.157, 51.715], "score": 0.89502}, {"image_id": "Cars129_png.rf.c4ee8a75eda6cc41b150366bb7e57ca1", "category_id": 0, "bbox": [517.152, 154.732, 11.584, 11.584], "score": 0.00829}, {"image_id": "Cars129_png.rf.c4ee8a75eda6cc41b150366bb7e57ca1", "category_id": 0, "bbox": [33.46, 161.351, 16.135, 6.62], "score": 0.00133}, {"image_id": "Cars132_png.rf.04189a03ddfbd6cdc9550b54bf74c2be", "category_id": 0, "bbox": [15.156, 188.75, 41.328, 11.25], "score": 0.69678}, {"image_id": "Cars132_png.rf.04189a03ddfbd6cdc9550b54bf74c2be", "category_id": 0, "bbox": [23.828, 188.125, 32.891, 10.625], "score": 0.02289}, {"image_id": "Cars132_png.rf.04189a03ddfbd6cdc9550b54bf74c2be", "category_id": 0, "bbox": [4.375, 0.0, 387.5, 193.438], "score": 0.00123}, {"image_id": "Cars13_png.rf.11880b33da4900e49abde6c48b385e9d", "category_id": 0, "bbox": [191.005, 142.59, 50.914, 24.988], "score": 0.90771}, {"image_id": "Cars141_png.rf.324c8ae8b9798ff3282b23f843841b66", "category_id": 0, "bbox": [265.129, 169.838, 35.247, 19.339], "score": 0.83496}, {"image_id": "Cars141_png.rf.324c8ae8b9798ff3282b23f843841b66", "category_id": 0, "bbox": [213.974, 130.693, 32.439, 26.201], "score": 0.0023}, {"image_id": "Cars141_png.rf.324c8ae8b9798ff3282b23f843841b66", "category_id": 0, "bbox": [264.817, 169.37, 50.53, 20.586], "score": 0.00125}, {"image_id": "Cars157_png.rf.c024b615380be14adb296ea538a67a3a", "category_id": 0, "bbox": [280.724, 95.446, 110.418, 72.364], "score": 0.01554}, {"image_id": "Cars157_png.rf.c024b615380be14adb296ea538a67a3a", "category_id": 0, "bbox": [3.587, 254.523, 59.108, 12.477], "score": 0.00232}, {"image_id": "Cars157_png.rf.c024b615380be14adb296ea538a67a3a", "category_id": 0, "bbox": [281.036, 41.563, 114.161, 126.56], "score": 0.00223}, {"image_id": "Cars157_png.rf.c024b615380be14adb296ea538a67a3a", "category_id": 0, "bbox": [325.952, 149.876, 35.558, 29.32], "score": 0.0011}, {"image_id": "Cars166_png.rf.f4807b3870d8d3ea49429ee7f64399e6", "category_id": 0, "bbox": [149.375, 123.125, 50.625, 27.812], "score": 0.90283}, {"image_id": "Cars166_png.rf.f4807b3870d8d3ea49429ee7f64399e6", "category_id": 0, "bbox": [300.0, 343.75, 0.0, 55.625], "score": 0.00371}, {"image_id": "Cars166_png.rf.f4807b3870d8d3ea49429ee7f64399e6", "category_id": 0, "bbox": [300.0, 271.562, 0.0, 127.5], "score": 0.00359}, {"image_id": "Cars166_png.rf.f4807b3870d8d3ea49429ee7f64399e6", "category_id": 0, "bbox": [300.0, 319.375, 0.0, 80.0], "score": 0.00126}, {"image_id": "Cars170_png.rf.2cfb1eaca6ae055e4626e907de86176e", "category_id": 0, "bbox": [307.286, 189.129, 42.115, 35.096], "score": 0.79004}, {"image_id": "Cars170_png.rf.2cfb1eaca6ae055e4626e907de86176e", "category_id": 0, "bbox": [307.481, 189.129, 69.022, 36.656], "score": 0.00899}, {"image_id": "Cars170_png.rf.2cfb1eaca6ae055e4626e907de86176e", "category_id": 0, "bbox": [214.087, 244.113, 41.725, 14.038], "score": 0.00221}, {"image_id": "Cars170_png.rf.2cfb1eaca6ae055e4626e907de86176e", "category_id": 0, "bbox": [7.019, 130.246, 464.829, 159.103], "score": 0.00111}, {"image_id": "Cars173_png.rf.b6d849b6fc74ddee9a002fa6fa01289e", "category_id": 0, "bbox": [172.934, 114.093, 79.287, 49.945], "score": 0.93018}, {"image_id": "Cars173_png.rf.b6d849b6fc74ddee9a002fa6fa01289e", "category_id": 0, "bbox": [185.108, 128.608, 214.45, 89.901], "score": 0.50879}, {"image_id": "Cars17_png.rf.55652e59496c2d498f46415da3b2eebb", "category_id": 0, "bbox": [297.724, 187.773, 49.751, 15.596], "score": 0.88428}, {"image_id": "Cars17_png.rf.55652e59496c2d498f46415da3b2eebb", "category_id": 0, "bbox": [60.473, 158.141, 98.604, 63.631], "score": 0.44751}, {"image_id": "Cars185_png.rf.a1249767ce829e220e3e498c6719c8b1", "category_id": 0, "bbox": [165.627, 145.977, 117.904, 53.026], "score": 0.92188}, {"image_id": "Cars193_png.rf.bce722981f582267ded6824518d48095", "category_id": 0, "bbox": [300.999, 191.204, 41.797, 24.329], "score": 0.8877}, {"image_id": "Cars193_png.rf.bce722981f582267ded6824518d48095", "category_id": 0, "bbox": [106.675, 169.37, 43.824, 28.072], "score": 0.73193}, {"image_id": "Cars199_png.rf.1a2689231a8723a0c12f2a152851d5d1", "category_id": 0, "bbox": [48.86, 83.359, 260.692, 73.681], "score": 0.8999}, {"image_id": "Cars199_png.rf.1a2689231a8723a0c12f2a152851d5d1", "category_id": 0, "bbox": [48.236, 86.169, 258.195, 127.38], "score": 0.41113}, {"image_id": "Cars206_png.rf.e047824daf741702e6b9542fde80a5f5", "category_id": 0, "bbox": [96.094, 183.438, 67.812, 18.75], "score": 0.89014}, {"image_id": "Cars208_png.rf.2d57f12fcf7d84d89349ad440f20d346", "category_id": 0, "bbox": [140.247, 123.38, 92.769, 46.853], "score": 0.93848}, {"image_id": "Cars214_png.rf.7fcc8b66f1b9ae1b06ee9c480543f20f", "category_id": 0, "bbox": [77.031, 132.744, 19.326, 8.745], "score": 0.58154}, {"image_id": "Cars214_png.rf.7fcc8b66f1b9ae1b06ee9c480543f20f", "category_id": 0, "bbox": [71.213, 131.495, 25.924, 9.37], "score": 0.00164}, {"image_id": "Cars215_png.rf.aa472317df309eb52395952b008c3d62", "category_id": 0, "bbox": [94.219, 105.0, 67.5, 14.375], "score": 0.88379}, {"image_id": "Cars215_png.rf.aa472317df309eb52395952b008c3d62", "category_id": 0, "bbox": [23.34, 149.062, 51.582, 25.312], "score": 0.80029}, {"image_id": "Cars215_png.rf.aa472317df309eb52395952b008c3d62", "category_id": 0, "bbox": [5.625, 55.625, 80.312, 19.531], "score": 0.58398}, {"image_id": "Cars215_png.rf.aa472317df309eb52395952b008c3d62", "category_id": 0, "bbox": [33.223, 83.594, 47.793, 15.938], "score": 0.07556}, {"image_id": "Cars215_png.rf.aa472317df309eb52395952b008c3d62", "category_id": 0, "bbox": [160.312, 47.812, 235.938, 121.25], "score": 0.0477}, {"image_id": "Cars215_png.rf.aa472317df309eb52395952b008c3d62", "category_id": 0, "bbox": [366.25, 54.766, 33.75, 117.422], "score": 0.0462}, {"image_id": "Cars215_png.rf.aa472317df309eb52395952b008c3d62", "category_id": 0, "bbox": [162.5, 114.375, 88.125, 39.688], "score": 0.03818}, {"image_id": "Cars215_png.rf.aa472317df309eb52395952b008c3d62", "category_id": 0, "bbox": [35.312, 121.406, 34.688, 11.875], "score": 0.01764}, {"image_id": "Cars215_png.rf.aa472317df309eb52395952b008c3d62", "category_id": 0, "bbox": [31.406, 108.438, 42.734, 10.0], "score": 0.01525}, {"image_id": "Cars215_png.rf.aa472317df309eb52395952b008c3d62", "category_id": 0, "bbox": [375.0, 57.188, 25.0, 100.938], "score": 0.00776}, {"image_id": "Cars215_png.rf.aa472317df309eb52395952b008c3d62", "category_id": 0, "bbox": [358.125, 48.203, 41.25, 133.672], "score": 0.00359}, {"image_id": "Cars215_png.rf.aa472317df309eb52395952b008c3d62", "category_id": 0, "bbox": [161.25, 110.938, 133.75, 46.875], "score": 0.00303}, {"image_id": "Cars215_png.rf.aa472317df309eb52395952b008c3d62", "category_id": 0, "bbox": [91.875, 90.625, 70.781, 28.438], "score": 0.00112}, {"image_id": "Cars215_png.rf.aa472317df309eb52395952b008c3d62", "category_id": 0, "bbox": [334.062, 49.844, 65.625, 129.062], "score": 0.00109}, {"image_id": "Cars220_png.rf.d77e37993eac98d1ce5181b1bf9a03d1", "category_id": 0, "bbox": [141.641, 165.625, 47.422, 16.25], "score": 0.8042}, {"image_id": "Cars220_png.rf.d77e37993eac98d1ce5181b1bf9a03d1", "category_id": 0, "bbox": [15.889, 193.438, 11.729, 6.25], "score": 0.05203}, {"image_id": "Cars220_png.rf.d77e37993eac98d1ce5181b1bf9a03d1", "category_id": 0, "bbox": [16.426, 194.688, 11.055, 7.5], "score": 0.00669}, {"image_id": "Cars220_png.rf.d77e37993eac98d1ce5181b1bf9a03d1", "category_id": 0, "bbox": [16.221, 195.938, 12.334, 4.375], "score": 0.00445}, {"image_id": "Cars220_png.rf.d77e37993eac98d1ce5181b1bf9a03d1", "category_id": 0, "bbox": [211.094, 173.438, 14.688, 10.0], "score": 0.00137}, {"image_id": "Cars225_png.rf.7b689f955825efaa73fd82b83b127d64", "category_id": 0, "bbox": [206.836, 165.0, 174.258, 46.875], "score": 0.89893}, {"image_id": "Cars225_png.rf.7b689f955825efaa73fd82b83b127d64", "category_id": 0, "bbox": [13.594, 0.0, 586.406, 0.0], "score": 0.00114}, {"image_id": "Cars231_png.rf.34695104a63765afcb4bc31f004a1de2", "category_id": 0, "bbox": [63.709, 157.985, 68.933, 20.898], "score": 0.90137}, {"image_id": "Cars231_png.rf.34695104a63765afcb4bc31f004a1de2", "category_id": 0, "bbox": [383.657, 123.363, 14.972, 62.695], "score": 0.00134}, {"image_id": "Cars232_png.rf.12c8ccaf63e806bec6d1cf3c07008d75", "category_id": 0, "bbox": [170.625, 171.25, 56.562, 28.125], "score": 0.89453}, {"image_id": "Cars235_png.rf.0df4c651d66f42e7cddcb4db031fea8e", "category_id": 0, "bbox": [152.344, 142.5, 94.688, 21.25], "score": 0.88184}, {"image_id": "Cars235_png.rf.0df4c651d66f42e7cddcb4db031fea8e", "category_id": 0, "bbox": [128.281, 90.312, 142.188, 42.812], "score": 0.00259}, {"image_id": "Cars236_png.rf.cb7c7f52ba007fe82c58c213826ad201", "category_id": 0, "bbox": [224.681, 107.348, 20.596, 7.177], "score": 0.82666}, {"image_id": "Cars236_png.rf.cb7c7f52ba007fe82c58c213826ad201", "category_id": 0, "bbox": [3.745, 0.0, 395.688, 130.128], "score": 0.00253}, {"image_id": "Cars243_png.rf.136b0cab95bff16a485a6b1ef5987e96", "category_id": 0, "bbox": [130.078, 171.562, 337.031, 60.938], "score": 0.81152}, {"image_id": "Cars243_png.rf.136b0cab95bff16a485a6b1ef5987e96", "category_id": 0, "bbox": [0.0, 189.375, 28.081, 100.781], "score": 0.06561}, {"image_id": "Cars243_png.rf.136b0cab95bff16a485a6b1ef5987e96", "category_id": 0, "bbox": [0.0, 150.0, 34.102, 158.906], "score": 0.01359}, {"image_id": "Cars243_png.rf.136b0cab95bff16a485a6b1ef5987e96", "category_id": 0, "bbox": [0.0, 146.719, 26.572, 143.906], "score": 0.00212}, {"image_id": "Cars243_png.rf.136b0cab95bff16a485a6b1ef5987e96", "category_id": 0, "bbox": [0.0, 188.906, 34.922, 148.594], "score": 0.002}, {"image_id": "Cars243_png.rf.136b0cab95bff16a485a6b1ef5987e96", "category_id": 0, "bbox": [0.0, 138.281, 46.23, 163.594], "score": 0.0013}, {"image_id": "Cars25_png.rf.dc6873f2c8bbbadcae13f9768b5dfdf8", "category_id": 0, "bbox": [175.625, 137.656, 40.0, 20.938], "score": 0.91797}, {"image_id": "Cars25_png.rf.dc6873f2c8bbbadcae13f9768b5dfdf8", "category_id": 0, "bbox": [331.25, 195.625, 21.25, 10.312], "score": 0.0031}, {"image_id": "Cars25_png.rf.dc6873f2c8bbbadcae13f9768b5dfdf8", "category_id": 0, "bbox": [381.25, 183.438, 18.75, 11.25], "score": 0.00264}, {"image_id": "Cars25_png.rf.dc6873f2c8bbbadcae13f9768b5dfdf8", "category_id": 0, "bbox": [140.234, 175.781, 17.5, 9.062], "score": 0.00234}, {"image_id": "Cars25_png.rf.dc6873f2c8bbbadcae13f9768b5dfdf8", "category_id": 0, "bbox": [140.781, 175.625, 21.562, 8.125], "score": 0.00166}, {"image_id": "Cars263_png.rf.7d583256c0263f0ed6d94eb208282347", "category_id": 0, "bbox": [122.603, 258.932, 106.692, 31.82], "score": 0.75586}, {"image_id": "Cars263_png.rf.7d583256c0263f0ed6d94eb208282347", "category_id": 0, "bbox": [137.499, 266.419, 92.42, 23.709], "score": 0.16565}, {"image_id": "Cars263_png.rf.7d583256c0263f0ed6d94eb208282347", "category_id": 0, "bbox": [184.372, 4.562, 140.385, 67.346], "score": 0.00465}, {"image_id": "Cars263_png.rf.7d583256c0263f0ed6d94eb208282347", "category_id": 0, "bbox": [189.675, 77.991, 66.761, 24.177], "score": 0.00218}, {"image_id": "Cars263_png.rf.7d583256c0263f0ed6d94eb208282347", "category_id": 0, "bbox": [322.261, 9.203, 77.368, 165.81], "score": 0.00215}, {"image_id": "Cars263_png.rf.7d583256c0263f0ed6d94eb208282347", "category_id": 0, "bbox": [160.038, 267.355, 89.846, 22.462], "score": 0.00182}, {"image_id": "Cars263_png.rf.7d583256c0263f0ed6d94eb208282347", "category_id": 0, "bbox": [185.932, 8.033, 129.154, 42.583], "score": 0.0016}, {"image_id": "Cars265_png.rf.b47e9d313b784ecc4178016e1b79c2a2", "category_id": 0, "bbox": [91.042, 169.278, 123.211, 38.415], "score": 0.86572}, {"image_id": "Cars265_png.rf.b47e9d313b784ecc4178016e1b79c2a2", "category_id": 0, "bbox": [268.908, 143.355, 40.289, 14.367], "score": 0.00993}, {"image_id": "Cars26_png.rf.65bc1d683f079d2f56dc5f9834369160", "category_id": 0, "bbox": [255.938, 177.5, 63.438, 37.188], "score": 0.6167}, {"image_id": "Cars26_png.rf.65bc1d683f079d2f56dc5f9834369160", "category_id": 0, "bbox": [0.0, 0.625, 19.16, 86.406], "score": 0.28613}, {"image_id": "Cars26_png.rf.65bc1d683f079d2f56dc5f9834369160", "category_id": 0, "bbox": [0.0, 0.0, 21.836, 117.031], "score": 0.08759}, {"image_id": "Cars26_png.rf.65bc1d683f079d2f56dc5f9834369160", "category_id": 0, "bbox": [0.0, 0.391, 18.203, 57.656], "score": 0.03079}, {"image_id": "Cars26_png.rf.65bc1d683f079d2f56dc5f9834369160", "category_id": 0, "bbox": [122.5, 182.031, 37.5, 16.875], "score": 0.01082}, {"image_id": "Cars26_png.rf.65bc1d683f079d2f56dc5f9834369160", "category_id": 0, "bbox": [0.0, 0.0, 26.211, 138.125], "score": 0.00231}, {"image_id": "Cars270_png.rf.dfbc38ecf53e7db8260e0e99d0a7c4d4", "category_id": 0, "bbox": [76.797, 174.219, 45.469, 21.25], "score": 0.88623}, {"image_id": "Cars270_png.rf.dfbc38ecf53e7db8260e0e99d0a7c4d4", "category_id": 0, "bbox": [283.438, 0.0, 116.25, 0.0], "score": 0.00282}, {"image_id": "Cars277_png.rf.77d2c380a9b0dfc081508b3598198359", "category_id": 0, "bbox": [129.498, 216.689, 21.388, 6.557], "score": 0.80322}, {"image_id": "Cars277_png.rf.77d2c380a9b0dfc081508b3598198359", "category_id": 0, "bbox": [47.225, 216.377, 25.447, 7.494], "score": 0.72021}, {"image_id": "Cars277_png.rf.77d2c380a9b0dfc081508b3598198359", "category_id": 0, "bbox": [370.619, 210.756, 16.861, 7.494], "score": 0.10156}, {"image_id": "Cars277_png.rf.77d2c380a9b0dfc081508b3598198359", "category_id": 0, "bbox": [73.999, 223.558, 11.24, 5.62], "score": 0.00809}, {"image_id": "Cars277_png.rf.77d2c380a9b0dfc081508b3598198359", "category_id": 0, "bbox": [287.253, 215.284, 21.544, 12.177], "score": 0.00701}, {"image_id": "Cars277_png.rf.77d2c380a9b0dfc081508b3598198359", "category_id": 0, "bbox": [0.0, 208.727, 7.537, 7.494], "score": 0.00605}, {"image_id": "Cars277_png.rf.77d2c380a9b0dfc081508b3598198359", "category_id": 0, "bbox": [51.284, 217.938, 22.871, 8.742], "score": 0.00339}, {"image_id": "Cars277_png.rf.77d2c380a9b0dfc081508b3598198359", "category_id": 0, "bbox": [0.0, 83.756, 6.864, 8.118], "score": 0.00212}, {"image_id": "Cars277_png.rf.77d2c380a9b0dfc081508b3598198359", "category_id": 0, "bbox": [39.731, 230.115, 12.177, 4.683], "score": 0.0017}, {"image_id": "Cars277_png.rf.77d2c380a9b0dfc081508b3598198359", "category_id": 0, "bbox": [0.068, 53.314, 12.158, 13.894], "score": 0.00159}, {"image_id": "Cars277_png.rf.77d2c380a9b0dfc081508b3598198359", "category_id": 0, "bbox": [0.068, 56.358, 8.962, 19.358], "score": 0.00122}, {"image_id": "Cars277_png.rf.77d2c380a9b0dfc081508b3598198359", "category_id": 0, "bbox": [389.665, 212.786, 7.494, 5.932], "score": 0.00121}, {"image_id": "Cars299_png.rf.07cc1a2440de1e466ac5b6b33b9146f5", "category_id": 0, "bbox": [98.125, 136.875, 174.688, 36.25], "score": 0.86426}, {"image_id": "Cars299_png.rf.07cc1a2440de1e466ac5b6b33b9146f5", "category_id": 0, "bbox": [161.25, 135.938, 111.25, 37.812], "score": 0.02386}, {"image_id": "Cars299_png.rf.07cc1a2440de1e466ac5b6b33b9146f5", "category_id": 0, "bbox": [98.125, 134.688, 175.0, 55.625], "score": 0.00214}, {"image_id": "Cars299_png.rf.07cc1a2440de1e466ac5b6b33b9146f5", "category_id": 0, "bbox": [2.734, 135.312, 96.484, 39.688], "score": 0.00146}, {"image_id": "Cars305_png.rf.13d3a0c3015dd2dd180c3d17705ec24f", "category_id": 0, "bbox": [361.406, 166.113, 45.703, 16.523], "score": 0.84814}, {"image_id": "Cars305_png.rf.13d3a0c3015dd2dd180c3d17705ec24f", "category_id": 0, "bbox": [361.406, 164.883, 71.719, 17.578], "score": 0.75}, {"image_id": "Cars305_png.rf.13d3a0c3015dd2dd180c3d17705ec24f", "category_id": 0, "bbox": [2.812, 205.312, 123.047, 63.281], "score": 0.50293}, {"image_id": "Cars305_png.rf.13d3a0c3015dd2dd180c3d17705ec24f", "category_id": 0, "bbox": [0.099, 143.086, 12.7, 12.656], "score": 0.00591}, {"image_id": "Cars31_png.rf.73b4317a1e7a3d8b6b9ca283d2193817", "category_id": 0, "bbox": [280.781, 173.438, 119.219, 33.75], "score": 0.91943}, {"image_id": "Cars31_png.rf.73b4317a1e7a3d8b6b9ca283d2193817", "category_id": 0, "bbox": [163.281, 114.062, 75.938, 28.75], "score": 0.00382}, {"image_id": "Cars321_png.rf.8ae4517f7b5695c0034b941cb2a9b609", "category_id": 0, "bbox": [130.312, 233.75, 38.125, 11.875], "score": 0.93945}, {"image_id": "Cars321_png.rf.8ae4517f7b5695c0034b941cb2a9b609", "category_id": 0, "bbox": [237.812, 191.562, 12.5, 3.75], "score": 0.06781}, {"image_id": "Cars321_png.rf.8ae4517f7b5695c0034b941cb2a9b609", "category_id": 0, "bbox": [0.0, 387.188, 225.0, 12.5], "score": 0.03067}, {"image_id": "Cars321_png.rf.8ae4517f7b5695c0034b941cb2a9b609", "category_id": 0, "bbox": [238.125, 190.938, 12.5, 3.75], "score": 0.01834}, {"image_id": "Cars321_png.rf.8ae4517f7b5695c0034b941cb2a9b609", "category_id": 0, "bbox": [0.0, 383.75, 301.0, 16.25], "score": 0.00746}, {"image_id": "Cars321_png.rf.8ae4517f7b5695c0034b941cb2a9b609", "category_id": 0, "bbox": [20.625, 385.938, 230.625, 13.75], "score": 0.00654}, {"image_id": "Cars321_png.rf.8ae4517f7b5695c0034b941cb2a9b609", "category_id": 0, "bbox": [0.0, 386.875, 301.0, 13.125], "score": 0.00487}, {"image_id": "Cars321_png.rf.8ae4517f7b5695c0034b941cb2a9b609", "category_id": 0, "bbox": [8.984, 368.125, 291.953, 31.25], "score": 0.00447}, {"image_id": "Cars321_png.rf.8ae4517f7b5695c0034b941cb2a9b609", "category_id": 0, "bbox": [0.0, 1.406, 301.0, 150.312], "score": 0.00412}, {"image_id": "Cars321_png.rf.8ae4517f7b5695c0034b941cb2a9b609", "category_id": 0, "bbox": [0.0, 0.0, 286.875, 113.906], "score": 0.00173}, {"image_id": "Cars350_png.rf.f66cd98e2f2b15e9d8f3b3e77ea71d22", "category_id": 0, "bbox": [159.145, 173.357, 51.226, 15.618], "score": 0.91797}, {"image_id": "Cars354_png.rf.99aed10010f215fa3a4818ea47b114b2", "category_id": 0, "bbox": [68.076, 206.488, 27.137, 10.293], "score": 0.82666}, {"image_id": "Cars354_png.rf.99aed10010f215fa3a4818ea47b114b2", "category_id": 0, "bbox": [340.924, 28.384, 58.016, 19.027], "score": 0.00617}, {"image_id": "Cars354_png.rf.99aed10010f215fa3a4818ea47b114b2", "category_id": 0, "bbox": [340.612, 13.451, 58.64, 34.584], "score": 0.00283}, {"image_id": "Cars363_png.rf.ab92f17fb10c687e3b46ccf1fbfa3846", "category_id": 0, "bbox": [153.203, 166.875, 100.547, 34.375], "score": 0.91943}, {"image_id": "Cars363_png.rf.ab92f17fb10c687e3b46ccf1fbfa3846", "category_id": 0, "bbox": [180.312, 86.406, 45.0, 12.031], "score": 0.00142}, {"image_id": "Cars378_png.rf.c28a5f3bbd61b5e13cdc191c3d4bd81a", "category_id": 0, "bbox": [116.061, 93.364, 138.524, 42.353], "score": 0.64062}, {"image_id": "Cars382_png.rf.d406e039df735d502101a1ab6c932ddf", "category_id": 0, "bbox": [150.0, 209.062, 130.625, 26.875], "score": 0.9165}, {"image_id": "Cars382_png.rf.d406e039df735d502101a1ab6c932ddf", "category_id": 0, "bbox": [8.477, 109.141, 32.852, 9.922], "score": 0.81641}, {"image_id": "Cars382_png.rf.d406e039df735d502101a1ab6c932ddf", "category_id": 0, "bbox": [195.156, 207.969, 85.625, 26.562], "score": 0.0061}, {"image_id": "Cars38_png.rf.96174f7fc0d6b222e09068e4c39b951b", "category_id": 0, "bbox": [172.188, 197.812, 65.625, 28.125], "score": 0.90625}, {"image_id": "Cars38_png.rf.96174f7fc0d6b222e09068e4c39b951b", "category_id": 0, "bbox": [0.0, 378.125, 200.0, 21.25], "score": 0.00573}, {"image_id": "Cars38_png.rf.96174f7fc0d6b222e09068e4c39b951b", "category_id": 0, "bbox": [125.469, 0.234, 17.5, 12.246], "score": 0.00399}, {"image_id": "Cars38_png.rf.96174f7fc0d6b222e09068e4c39b951b", "category_id": 0, "bbox": [2.812, 378.75, 349.062, 21.25], "score": 0.00273}, {"image_id": "Cars38_png.rf.96174f7fc0d6b222e09068e4c39b951b", "category_id": 0, "bbox": [28.75, 244.375, 348.75, 32.5], "score": 0.00213}, {"image_id": "Cars38_png.rf.96174f7fc0d6b222e09068e4c39b951b", "category_id": 0, "bbox": [0.0, 363.125, 0.195, 35.625], "score": 0.00196}, {"image_id": "Cars38_png.rf.96174f7fc0d6b222e09068e4c39b951b", "category_id": 0, "bbox": [182.812, 389.375, 203.188, 10.0], "score": 0.00143}, {"image_id": "Cars38_png.rf.96174f7fc0d6b222e09068e4c39b951b", "category_id": 0, "bbox": [0.0, 352.5, 0.024, 37.5], "score": 0.00114}, {"image_id": "Cars38_png.rf.96174f7fc0d6b222e09068e4c39b951b", "category_id": 0, "bbox": [4.062, 373.438, 223.75, 26.562], "score": 0.00104}, {"image_id": "Cars408_png.rf.4a8d48c26a2d6ef5987218e84c68c022", "category_id": 0, "bbox": [157.518, 217.405, 26.825, 8.734], "score": 0.85693}, {"image_id": "Cars408_png.rf.4a8d48c26a2d6ef5987218e84c68c022", "category_id": 0, "bbox": [0.078, 194.012, 20.041, 14.036], "score": 0.00107}, {"image_id": "Cars429_png.rf.866ac421cb8fa0441cc62908c6999429", "category_id": 0, "bbox": [88.906, 167.656, 116.25, 25.312], "score": 0.89746}, {"image_id": "Cars429_png.rf.866ac421cb8fa0441cc62908c6999429", "category_id": 0, "bbox": [120.625, 381.875, 180.375, 17.5], "score": 0.01215}, {"image_id": "Cars429_png.rf.866ac421cb8fa0441cc62908c6999429", "category_id": 0, "bbox": [0.0, 375.625, 127.031, 23.75], "score": 0.00612}, {"image_id": "Cars429_png.rf.866ac421cb8fa0441cc62908c6999429", "category_id": 0, "bbox": [301.0, 342.812, 0.0, 56.875], "score": 0.00175}, {"image_id": "Cars429_png.rf.866ac421cb8fa0441cc62908c6999429", "category_id": 0, "bbox": [84.297, 384.375, 215.703, 15.625], "score": 0.00169}, {"image_id": "Cars430_png.rf.0e12d3e59160d243ec301a42b1665143", "category_id": 0, "bbox": [37.422, 155.938, 73.828, 40.625], "score": 0.91406}, {"image_id": "Cars430_png.rf.0e12d3e59160d243ec301a42b1665143", "category_id": 0, "bbox": [394.375, 60.703, 5.0, 9.531], "score": 0.0023}, {"image_id": "Cars430_png.rf.0e12d3e59160d243ec301a42b1665143", "category_id": 0, "bbox": [395.0, 62.656, 5.0, 10.625], "score": 0.00161}, {"image_id": "Cars43_png.rf.1f2f5e6ce2bf18ea039dd919d71d0bb4", "category_id": 0, "bbox": [147.967, 116.24, 168.382, 47.82], "score": 0.80127}, {"image_id": "Cars44_png.rf.fa37d7845d283b82fd1b913583fa867c", "category_id": 0, "bbox": [67.697, 168.075, 340.386, 75.392], "score": 0.88232}, {"image_id": "Cars44_png.rf.fa37d7845d283b82fd1b913583fa867c", "category_id": 0, "bbox": [72.193, 4.323, 339.003, 120.869], "score": 0.79688}, {"image_id": "Cars44_png.rf.fa37d7845d283b82fd1b913583fa867c", "category_id": 0, "bbox": [0.0, 231.19, 15.995, 39.079], "score": 0.07837}, {"image_id": "Cars44_png.rf.fa37d7845d283b82fd1b913583fa867c", "category_id": 0, "bbox": [81.703, 54.123, 332.605, 71.069], "score": 0.03964}, {"image_id": "Cars44_png.rf.fa37d7845d283b82fd1b913583fa867c", "category_id": 0, "bbox": [0.151, 207.846, 16.092, 62.942], "score": 0.03662}, {"image_id": "Cars44_png.rf.fa37d7845d283b82fd1b913583fa867c", "category_id": 0, "bbox": [0.173, 246.752, 12.083, 25.246], "score": 0.00587}, {"image_id": "Cars44_png.rf.fa37d7845d283b82fd1b913583fa867c", "category_id": 0, "bbox": [21.442, 158.738, 50.232, 88.188], "score": 0.00422}, {"image_id": "Cars44_png.rf.fa37d7845d283b82fd1b913583fa867c", "category_id": 0, "bbox": [0.313, 158.738, 15.898, 112.742], "score": 0.00222}, {"image_id": "Cars44_png.rf.fa37d7845d283b82fd1b913583fa867c", "category_id": 0, "bbox": [26.975, 217.875, 35.621, 19.021], "score": 0.00121}, {"image_id": "Cars49_png.rf.0bb5e6e18ff1cc69841d0d20aad2d0e4", "category_id": 0, "bbox": [267.993, 160.233, 44.041, 36.232], "score": 0.86182}, {"image_id": "Cars49_png.rf.0bb5e6e18ff1cc69841d0d20aad2d0e4", "category_id": 0, "bbox": [206.148, 0.0, 29.361, 29.048], "score": 0.00307}, {"image_id": "Cars49_png.rf.0bb5e6e18ff1cc69841d0d20aad2d0e4", "category_id": 0, "bbox": [383.56, 0.0, 16.242, 25.144], "score": 0.00238}, {"image_id": "Cars49_png.rf.0bb5e6e18ff1cc69841d0d20aad2d0e4", "category_id": 0, "bbox": [393.243, 63.562, 6.247, 12.962], "score": 0.00147}, {"image_id": "Cars49_png.rf.0bb5e6e18ff1cc69841d0d20aad2d0e4", "category_id": 0, "bbox": [0.0, 198.34, 6.925, 37.481], "score": 0.00121}, {"image_id": "Cars4_png.rf.69df4fed8e3b234782dda8fccfd1a718", "category_id": 0, "bbox": [99.934, 64.704, 412.171, 137.697], "score": 0.89258}, {"image_id": "Cars4_png.rf.69df4fed8e3b234782dda8fccfd1a718", "category_id": 0, "bbox": [128.947, 90.263, 386.382, 123.882], "score": 0.37476}, {"image_id": "Cars4_png.rf.69df4fed8e3b234782dda8fccfd1a718", "category_id": 0, "bbox": [0.0, 62.632, 91.76, 204.013], "score": 0.00126}, {"image_id": "Cars58_png.rf.b08197726a69d55446392a78792e952a", "category_id": 0, "bbox": [153.517, 164.199, 86.622, 22.766], "score": 0.86572}, {"image_id": "Cars67_png.rf.b1c89c88a3f39985c274cb14a12d1fad", "category_id": 0, "bbox": [193.534, 219.612, 134.914, 26.724], "score": 0.84766}, {"image_id": "Cars70_png.rf.3d4430baae666ce7f0e3345fecc320ae", "category_id": 0, "bbox": [174.494, 115.809, 36.21, 18.729], "score": 0.003}, {"image_id": "Cars74_png.rf.726485fbd61a47522eb09897a2e99ca1", "category_id": 0, "bbox": [111.198, 113.693, 165.939, 38.054], "score": 0.89502}, {"image_id": "Cars74_png.rf.726485fbd61a47522eb09897a2e99ca1", "category_id": 0, "bbox": [391.454, 217.717, 7.486, 21.21], "score": 0.00183}, {"image_id": "Cars74_png.rf.726485fbd61a47522eb09897a2e99ca1", "category_id": 0, "bbox": [391.454, 213.662, 7.486, 20.586], "score": 0.00117}, {"image_id": "Cars74_png.rf.726485fbd61a47522eb09897a2e99ca1", "category_id": 0, "bbox": [182.315, 3.158, 128.197, 35.519], "score": 0.00107}, {"image_id": "Cars76_png.rf.add7b744bade6ed62fb00fa820e4d856", "category_id": 0, "bbox": [42.75, 83.531, 151.5, 132.094], "score": 0.81396}, {"image_id": "Cars76_png.rf.add7b744bade6ed62fb00fa820e4d856", "category_id": 0, "bbox": [46.312, 89.719, 149.438, 92.156], "score": 0.39233}, {"image_id": "Cars76_png.rf.add7b744bade6ed62fb00fa820e4d856", "category_id": 0, "bbox": [212.25, 64.406, 257.25, 156.844], "score": 0.13074}, {"image_id": "Cars76_png.rf.add7b744bade6ed62fb00fa820e4d856", "category_id": 0, "bbox": [95.672, 167.25, 122.203, 57.0], "score": 0.01302}, {"image_id": "Cars76_png.rf.add7b744bade6ed62fb00fa820e4d856", "category_id": 0, "bbox": [0.094, 189.938, 35.812, 41.625], "score": 0.00153}, {"image_id": "Cars76_png.rf.add7b744bade6ed62fb00fa820e4d856", "category_id": 0, "bbox": [423.75, 7.5, 55.5, 214.5], "score": 0.00145}, {"image_id": "Cars76_png.rf.add7b744bade6ed62fb00fa820e4d856", "category_id": 0, "bbox": [216.0, 123.375, 105.375, 92.25], "score": 0.00102}, {"image_id": "Cars78_png.rf.148b149ae842d176118f6ce443ad4237", "category_id": 0, "bbox": [149.062, 210.625, 98.125, 27.5], "score": 0.89893}, {"image_id": "Cars78_png.rf.148b149ae842d176118f6ce443ad4237", "category_id": 0, "bbox": [285.156, 0.0, 114.844, 0.0], "score": 0.00107}, {"image_id": "Cars83_png.rf.30fb0d6670d038ededae837b8deefa77", "category_id": 0, "bbox": [251.25, 294.375, 76.406, 37.969], "score": 0.91211}]